id,firstname,lastname,firstaccess,lastaccess,lastlogin,currentlogin
124,anonfirstname12,anonlastname12,1521186300,1614257159,1612901472,1614257159
133,anonfirstname21,anonlastname21,1537386531,1603217527,1603175117,1603211347
143,anonfirstname31,anonlastname31,1556977792,1614246916,1614189795,1614246851
159,anonfirstname47,anonlastname47,1567760364,1609794963,1609524505,1609794963
160,anonfirstname48,anonlastname48,1567626341,1613735521,1613549087,1613735521
161,anonfirstname49,anonlastname49,1567518305,1613549015,1612943327,1613548031
163,anonfirstname51,anonlastname51,1567750198,1614251170,1614167978,1614251170
164,anonfirstname52,anonlastname52,1567759528,1608682236,1608287439,1608675749
165,anonfirstname53,anonlastname53,1568453888,1614251308,1613320872,1614251168
166,anonfirstname54,anonlastname54,1580681416,1613549699,1612945151,1613549699
167,anonfirstname55,anonlastname55,1581933078,1609777505,1609773285,1609777505
168,anonfirstname56,anonlastname56,1581927310,1609773208,1609412715,1609773208
169,anonfirstname57,anonlastname57,1581329532,1609773808,1609406057,1609773808
170,anonfirstname58,anonlastname58,1581496873,1613725999,1613031734,1613725999
171,anonfirstname59,anonlastname59,1598011591,1614245905,1614195639,1614245905
172,anonfirstname60,anonlastname60,1598024793,1614201769,1613746367,1614197600
173,anonfirstname61,anonlastname61,1598035677,1614257108,1614205463,1614256815
174,anonfirstname62,anonlastname62,1598072209,1613996972,1613992441,1613996909
175,anonfirstname63,anonlastname63,1598210577,1614177325,1614105236,1614177198
176,anonfirstname64,anonlastname64,1598230691,1614251884,1614143133,1614251021
177,anonfirstname65,anonlastname65,1598138014,1613758771,1613685437,1613740738
178,anonfirstname66,anonlastname66,1598209972,1614235515,1614106945,1614235323
179,anonfirstname67,anonlastname67,1598189452,1614250700,1614074495,1614250608
180,anonfirstname68,anonlastname68,1598214839,1614179413,1613727685,1614179413
181,anonfirstname69,anonlastname69,1598184815,1614077348,1613751555,1614064389
182,anonfirstname70,anonlastname70,1598547048,1614010457,1613968880,1614004477
183,anonfirstname71,anonlastname71,1598352528,1603361940,1602852021,1603361877
184,anonfirstname72,anonlastname72,1599150368,1610827433,1610722444,1610807922
185,anonfirstname73,anonlastname73,1598945949,1613747496,1613583047,1613747496
